{"cameraMode":{"drawMode":0,"name":"Shaded","section":"Shading Mode"},"sceneLighting":true,"audioPlay":false,"sceneViewState":{"showFog":false,"showMaterialUpdate":false,"showSkybox":false,"showFlares":false,"showImageEffects":false,"showParticleSystems":false},"in2DMode":false,"pivot":{"x":8.517000198364258,"y":1.2999999523162842,"z":-14.248000144958496},"rotation":{"x":-0.4552076756954193,"y":-0.5403041243553162,"z":0.45087897777557375,"w":-0.5455412268638611},"size":2.8578836917877199,"orthographic":false}