{"cameraMode":{"drawMode":0,"name":"Shaded","section":"Shading Mode"},"sceneLighting":true,"audioPlay":false,"sceneViewState":{"showFog":false,"showMaterialUpdate":false,"showSkybox":false,"showFlares":false,"showImageEffects":false,"showParticleSystems":false},"in2DMode":false,"pivot":{"x":-39.07816696166992,"y":73.67445373535156,"z":57.317874908447269},"rotation":{"x":0.08283033967018128,"y":0.8959371447563171,"z":-0.3936643898487091,"w":0.18841537833213807},"size":25.82658576965332,"orthographic":false}