{"cameraMode":{"drawMode":0,"name":"Shaded","section":"Shading Mode"},"sceneLighting":true,"audioPlay":false,"sceneViewState":{"showFog":false,"showMaterialUpdate":false,"showSkybox":false,"showFlares":false,"showImageEffects":false,"showParticleSystems":false},"in2DMode":false,"pivot":{"x":12.13061809539795,"y":48.70684051513672,"z":-42.25859832763672},"rotation":{"x":0.5095643997192383,"y":-0.02478848211467266,"z":0.014681783504784108,"w":0.8600016832351685},"size":34.930171966552737,"orthographic":false}