{"cameraMode":{"drawMode":0,"name":"Shaded","section":"Shading Mode"},"sceneLighting":true,"audioPlay":false,"sceneViewState":{"showFog":false,"showMaterialUpdate":false,"showSkybox":false,"showFlares":false,"showImageEffects":false,"showParticleSystems":false},"in2DMode":false,"pivot":{"x":5.960464477539063e-8,"y":2.6700000762939455,"z":-23.899999618530275},"rotation":{"x":-0.4552076756954193,"y":-0.5403041243553162,"z":0.45087897777557375,"w":-0.5455412268638611},"size":81.1169204711914,"orthographic":false}