{"cameraMode":{"drawMode":0,"name":"Shaded","section":"Shading Mode"},"sceneLighting":true,"audioPlay":false,"sceneViewState":{"showFog":false,"showMaterialUpdate":false,"showSkybox":false,"showFlares":false,"showImageEffects":false,"showParticleSystems":false},"in2DMode":false,"pivot":{"x":-0.05888994410634041,"y":69.35027313232422,"z":-65.31444549560547},"rotation":{"x":0.5589983463287354,"y":-0.022663984447717668,"z":0.015237457118928433,"w":0.8287716507911682},"size":33.426002502441409,"orthographic":false}