{"cameraMode":{"drawMode":0,"name":"Shaded","section":"Shading Mode"},"sceneLighting":true,"audioPlay":false,"sceneViewState":{"showFog":false,"showMaterialUpdate":false,"showSkybox":false,"showFlares":false,"showImageEffects":false,"showParticleSystems":false},"in2DMode":false,"pivot":{"x":-20.64748191833496,"y":78.67266082763672,"z":4.39018440246582},"rotation":{"x":-0.4552076756954193,"y":-0.5403041243553162,"z":0.45087897777557375,"w":-0.5455412268638611},"size":25.82658576965332,"orthographic":false}