{"cameraMode":{"drawMode":0,"name":"Shaded","section":"Shading Mode"},"sceneLighting":true,"audioPlay":false,"sceneViewState":{"showFog":true,"showMaterialUpdate":false,"showSkybox":true,"showFlares":true,"showImageEffects":true,"showParticleSystems":true},"in2DMode":false,"pivot":{"x":-0.20960381627082826,"y":4.064530849456787,"z":-0.5834817290306091},"rotation":{"x":0.26846688985824587,"y":0.008667007088661194,"z":-0.0024115575943142177,"w":0.9632557034492493},"size":2.541658639907837,"orthographic":false}