{"cameraMode":{"drawMode":0,"name":"Shaded","section":"Shading Mode"},"sceneLighting":false,"audioPlay":false,"sceneViewState":{"showFog":true,"showMaterialUpdate":false,"showSkybox":false,"showFlares":true,"showImageEffects":true,"showParticleSystems":true},"in2DMode":false,"pivot":{"x":4.59025239944458,"y":1.8299593925476075,"z":-0.3478355407714844},"rotation":{"x":-0.29603856801986697,"y":-0.34879010915756228,"z":0.11712324619293213,"w":-0.8814843893051148},"size":10.060798645019532,"orthographic":false}