{"cameraMode":{"drawMode":0,"name":"Shaded","section":"Shading Mode"},"sceneLighting":true,"audioPlay":false,"sceneViewState":{"showFog":true,"showMaterialUpdate":false,"showSkybox":true,"showFlares":true,"showImageEffects":true,"showParticleSystems":true},"in2DMode":false,"pivot":{"x":-1.3016395568847657,"y":1.0482761859893799,"z":0.8444933891296387},"rotation":{"x":-0.07844088226556778,"y":0.8766325116157532,"z":-0.15301667153835298,"w":-0.4493865668773651},"size":10.0,"orthographic":false}